Login email,Identifier,First name,Last name
laura@example.com,2070,Laura,Grey
craig@example.com,4081,Craig,Johnson
mary@example.com,9346,Mary,Jenkins
jamie@example.com,5079,Jamie,Smith
john@example.com,3450,John,Doe
emma@example.com,8765,Emma,Brown
noah@example.com,1290,Noah,Miller
olivia@example.com,3048,Olivia,Wilson
liam@example.com,6742,Liam,Jones
sophia@example.com,2901,Sophia,Taylor
mason@example.com,8093,Mason,Clark
ava@example.com,5871,Ava,Moore
james@example.com,9810,James,Wright
isabella@example.com,7685,Isabella,Harris
logan@example.com,4523,Logan,Walker
mia@example.com,3129,Mia,Hall
benjamin@example.com,9218,Benjamin,Young
amelia@example.com,1470,Amelia,Allen
lucas@example.com,8342,Lucas,King
harper@example.com,6754,Harper,Scott
henry@example.com,2768,Henry,Green
evelyn@example.com,8309,Evelyn,Adams
alexander@example.com,5427,Alexander,Baker
abigail@example.com,1369,Abigail,Carter
ethan@example.com,9234,Ethan,Mitchell
charlotte@example.com,6483,Charlotte,Roberts
michael@example.com,2984,Michael,Phillips
scarlett@example.com,4827,Scarlett,Turner
daniel@example.com,5176,Daniel,Campbell
chloe@example.com,2381,Chloe,Parker
